"Nume","Reteta","Imagine","Status"
"Alivancă moldovenească","Ingrediente:
• 500 g brânză dulce de vaci
• 4 ouă
• 70 g zahăr
• 100 g smântână grasă
• 30 g unt topit și răcit
• 150 g mălai
• 50 g făină (opțional, eu n-am pus)
• ½ linguriță sare
• Servire: 150 g afine, 150 g smântână pentru frișcă, 30 g zahăr pudră

Mod de preparare:
1. Amestecă brânza cu untul, smântâna, zahărul (păstrează o lingură), gălbenușurile și mălaiul.
2. Bate albușurile cu sarea, apoi cu lingura de zahăr, până devin lucioase.
3. Încorporează albușurile în compoziția cu brânză.
4. Toarnă în tavă tapetată și coace 30 de minute la 180°C, până trece testul cu scobitoarea.
5. Servește cu frișcă și afine.","imagini/alivanca-moldoveneasca-1790519075386-kpw.webp","Publicat"
"Aripioare lipicioase","Ingrediente:
• 800 g aripioare (sau copănele)
• 100 g ketchup
• 3 linguri sos de soia
• 3 linguri oțet balsamic
• 1 lingură miere
• 1 lingură ulei de floarea-soarelui
• 1 cățel de usturoi zdrobit
• câteva frunze de cimbru proaspăt
• sare, piper

Mod de preparare:
1. Preîncălzește cuptorul la 200°C, sus-jos.
2. Amestecă ingredientele pentru marinadă într-un castron.
3. Pune aripioarele în castron și acoperă-le bine cu marinadă.
4. Așază-le pe o tavă cu hârtie de copt și toarnă deasupra marinada rămasă.
5. Coace 30 de minute.
6. Servește cu cartofi copți, prăjiți sau piure, ori cu orez, și salată coleslaw.
7. Sursa: tastebazaar (Instagram), după Lorraine Pascale.","imagini/aripioare-lipicioase.jpg","In Asteptare"
"Biban sau doradă la cuptor","Ingrediente:
• biban sau doradă
• sare, piper
• busuioc
• lămâie
• usturoi
• ulei de măsline
• roșii (opțional)

Mod de preparare:
1. Condimentează peștele cu sare, piper, busuioc, lămâie, usturoi și ulei de măsline.
2. Opțional, pune alături roșii cu usturoi.
3. Coace la 200°C, 30 de minute.

Notă: Merge și cu cimbru în loc de busuioc.","","In Asteptare"
"Borș de sfeclă cu afumătură","Ingrediente:
• ciolan afumat
• sfeclă roșie
• borș
• ceapă
• ardei (bucăți întregi)
• morcov (rondele)
• păstârnac
• sare
• pătrunjel
• smântână, pentru servire

Mod de preparare:
1. Fierbe ciolanul o oră în oala sub presiune / multicooker.
2. Fierbe sfecla tăiată cuburi în borș.
3. Înăbușă ceapa, ardeiul, morcovul și păstârnacul în puțină apă cu ulei.
4. Pune sfecla cu borșul peste zarzavat, apoi zeama de la ciolan și sare.
5. Mărunțește carnea de pe ciolan cu 2 furculițe și pune-o în borș.
6. Adaugă pătrunjelul la final și servește cu smântână.","imagini/bors-de-sfecla-cu-afumatura-1790518297679-p0f.webp","Publicat"
"Bouyourdi","Ingrediente:
• multe roșii
• 2 cepe
• 2–3 ardei
• brânză de oaie sau capră (feta)
• zahăr brun
• sare
• busuioc, oregano
• ulei de măsline
• usturoi

Mod de preparare:
1. Unge vasul cu puțin ulei de măsline.
2. Pune roșiile, ceapa și ardeii tăiați, cu brânza în mijloc.
3. Presară zahăr brun, sare, busuioc și oregano, stropește cu ulei de măsline și pune brânză fărâmițată deasupra.
4. Dă la cuptor.
5. Când îl scoți, adaugă câțiva căței de usturoi striviți.","imagini/bouyourdi.jpg","In Asteptare"
"Brownie healthy cu banane","Ingrediente:
• 3 banane coapte
• 3 ouă
• 50 g cacao
• ½ plic praf de copt
• esență de rom

Mod de preparare:
1. Pisează bananele și amestecă-le cu ouăle, cacao, praful de copt și romul.
2. Coace la air fryer, la 180°C, 15–20 de minute.","","In Asteptare"
"Budincă de vanilie cu ouă întregi","Ingrediente:
• 4 ouă
• 150 g zahăr
• un vârf de sare
• 65 g făină
• 600 ml lapte
• esență de vanilie

Mod de preparare:
1. Mixează ouăle cu zahărul și sarea până se albesc.
2. Adaugă făina treptat, mixând.
3. Adaugă laptele fierbinte treptat, mixând continuu.
4. Pune compoziția înapoi în oala în care a fiert laptele și ține-o pe foc, amestecând continuu, până se îngroașă.
5. Ia de pe foc, adaugă esența și mixează pentru a elimina cocoloașele.","","In Asteptare"
"Bulete de cașcaval","Ingrediente:
• 300 g telemea
• 200 g cașcaval
• 2 ouă
• 100 g făină (+ făină pentru tăvălit)
• 1 legătură de mărar
• 10 g praf de copt

Mod de preparare:
1. Amestecă toate ingredientele și formează bulete.
2. Tăvălește-le prin făină.
3. Prăjește-le într-o tigaie foarte bine încinsă, la foc mărișor, ca să rămână moi înăuntru.","","In Asteptare"
"Burrito mexican vegan cu năut","Ingrediente:
• lipii
• năut
• ceapă
• ardei (congelat)
• curry
• cartofi dulci
• bulion
• sare
• cottage cheese, pentru servire

Mod de preparare:
1. Încinge puțin ulei și pune curry-ul, ca să-și elibereze aroma.
2. Adaugă ceapa și ardeiul cu puțină sare și călește până se înmoaie.
3. Adaugă cartoful dulce tăiat cubulețe și lasă la fiert cu capac cam 10 minute.
4. Când s-au fiert, adaugă bulionul și năutul și lasă să scadă.
5. La final condimentează după gust.
6. Servește în lipii, cu cottage cheese alături.","","In Asteptare"
"Camembert cu roșii la cuptor","Ingrediente:
• roșii
• măsline
• 3–4 căței de usturoi
• ulei de măsline
• sare
• busuioc
• 1 camembert
• pâine prăjită, pentru servire

Mod de preparare:
1. Pune roșiile, măslinele și usturoiul într-o tavă, cu ulei de măsline, sare și busuioc, și dă-le la cuptor.
2. Când sunt aproape gata, pune camembertul crestat în mijloc și mai lasă 10–15 minute.
3. Servește cu pâine prăjită.

Notă: Variantă: roșii cu ulei de măsline, sare, piper și busuioc la 200°C 20 de minute, apoi camembertul încă 15–20 de minute.","","In Asteptare"
"Cartofi striviți cu parmezan","Ingrediente:
• cartofi mici
• sare grunjoasă, piper
• usturoi granulat
• ulei de măsline (din belșug)
• parmezan ras
• Topping: pătrunjel, usturoi, sare, 2 linguri ulei de măsline

Mod de preparare:
1. Fierbe cartofii în coajă, în apă cu sare, dar nu complet. Scurge-i și lasă-i să se răcească (se poate și cu 1–2 zile înainte).
2. Preîncălzește cuptorul la 220°C.
3. Pune cartofii pe o tavă cu hârtie de copt, la distanță unii de alții, și strivește-i ușor (cu zdrobitorul de piure sau cu fundul unei cești).
4. Presară sare, piper și usturoi granulat (opțional cimbru, rozmarin, boia) și stropește-i bine cu ulei de măsline.
5. Coace 30 de minute la 220°C, nu trebuie întorși.
6. Presară parmezan și mai coace 5–7 minute, cu grijă să nu se ardă.
7. Amestecă pătrunjelul cu usturoiul, sarea și uleiul și pune-l peste cartofii fierbinți (sau fă mujdei).","","In Asteptare"
"Chec cu ciocolată","Ingrediente:
• 200 g făină
• 100 g zahăr
• 2 linguri cacao
• 2 lingurițe praf de copt
• ½ linguriță bicarbonat (opțional)
• 90 g unt
• 2 ouă
• 150 ml lapte
• 80 g ciocolată neagră (60–80%)
• 1 esență de vanilie

Mod de preparare:
1. Topește untul și lasă-l să se răcească.
2. Taie ciocolata bucățele.
3. Amestecă ingredientele uscate, apoi adaugă ciocolata.
4. Amestecă separat laptele, untul, ouăle și vanilia.
5. Combină cele două compoziții.
6. Toarnă aluatul într-o formă de chec (24×10 cm) tapetată cu hârtie de copt.
7. Coace 40–45 de minute la 200°C, până trece testul cu scobitoarea.
8. Lasă-l să se răcească puțin în formă, apoi scoate-l.
9. Aluatul merge și pentru brioșe.","","In Asteptare"
"Chifteluțe de dovlecei","Ingrediente:
• dovlecei rași
• sare
• morcovi rași (mai mulți, nu doar unul)
• 2 cepe rase și bine scurse
• usturoi ras
• mărar tocat
• pesmet
• ouă
• ulei

Mod de preparare:
1. Amestecă dovleceii rași cu un praf de sare și lasă-i 20 de minute, apoi stoarce-i foarte bine.
2. Amestecă-i cu morcovul, ceapa scursă și usturoiul.
3. Adaugă mărar, pesmet și ouă.
4. Modelează chifteluțele, dă-le prin pesmet/malai și prăjește-le (sau coace-le la cuptor, pe hârtie de copt). Întoarce-le la jumate timpului (180 gr la început, apoi 200).","imagini/chiftelu-e-de-dovlecei-1790439363272-25k.webp","Publicat"
"Ciorbă à la grecque","Ingrediente:
• pulpe de pui
• ceapă
• morcovi
• păstârnac
• ardei (congelat)
• ouă (gălbenușuri)
• 1 borcănel de iaurt grecesc
• usturoi
• sare, piper
• mărar

Mod de preparare:
1. Pune pulpele în apă sărată în oala Tefal, 20 de minute pe programul Stew.
2. Între timp pregătește zarzavatul, întreg, fără să-l toci (ardeiul congelat e deja tocat).
3. Depresurizează, adaugă zarzavatul și mai dă 20 de minute pe Stew.
4. Depresurizează, scoate pulpele, dezosează-le și mărunțește carnea.
5. Pasează sau blendează zarzavatul până devine cremă, apoi pune-l înapoi în ciorbă împreună cu carnea.
6. Fă liezonul din gălbenușuri, iaurt grecesc și usturoi și adaugă-l în ciorbă.
7. Potrivește de sare și piper și pune mărar la final.","","In Asteptare"
"Ciorbă de fasole","Ingrediente:
• fasole
• morcov
• ardei
• ceapă
• bulion
• condimente

Mod de preparare:
1. Pune fasolea la fiert în apă care s-o acopere cu câteva degete. Separat, pune la fiert altă apă.
2. După câteva clocote, aruncă prima apă și pune peste fasole apa fiartă separat.
3. Când fasolea e aproape gata, adaugă morcovul și ardeiul.
4. Separat, înăbușă ceapa, apoi adaugă bulion și condimente.
5. Pune prăjeala în ciorbă și mai lasă câteva minute.
6. Potrivește de gust.","","In Asteptare"
"Ciorbă de loboda","Ingrediente:
• spate și aripi de pui
• morcovi
• ceapă
• ardei
• cartofi
• rădăcină de țelină
• 1 dovlecel mic
• loboda
• zeamă de varză (sau borș)
• leuștean
• sare
• Pentru dres: 100 g smântână, 100 g iaurt, 1 gălbenuș
• pătrunjel (opțional)

Mod de preparare:
1. Fierbe puiul în apă rece cu sare 20 de minute de la primul clocot și spumuiește.
2. Călește morcovii și ceapa tăiate cubulețe 2–4 minute și pune-le în zeamă. Fierbe 5–10 minute.
3. Adaugă ardeiul, apoi cartofii cuburi și țelina.
4. După ~10 minute adaugă dovlecelul cuburi.
5. Când cartofii sunt fierți, adaugă ¾ din loboda tăiată fâșii și zeama de varză și fierbe 4–5 minute.
6. Adaugă jumătate din leuștean și lasă câteva clocote, apoi oprește focul și pune restul de loboda.
7. Dres: amestecă smântâna, iaurtul și gălbenușul, diluează cu ½ cană de zeamă și toarnă în ciorbă.
8. Presară restul de leuștean (și pătrunjel).","","In Asteptare"
"Ciorbă de roșii ca la mama","Ingrediente:
• 3 cepe
• 2 morcovi
• ardei
• cartofi
• 10 roșii
• sare
• puțină sare de lămâie
• fidea
• cimbru

Mod de preparare:
1. Călește ceapa tocată și morcovii rondele în oală, cu apă și ulei.
2. Când ceapa e translucidă, adaugă ardeiul, iar după 3 minute cartofii. Adaugă câte puțină apă.
3. Fierbe separat roșiile tocate.
4. Când s-au fiert cartofii, trece roșiile prin sită și pune-le în ciorbă.
5. Dă câteva clocote și adaugă sare, sare de lămâie, fidea și CIMBRU.","imagini/ciorba-de-rosii-ca-la-mama-1790520068996-m23.webp","Publicat"
"Ciorbă falsă de burtă","Ingrediente:
• 200 g costiță afumată / caizer / bacon (sau cozi de porc afumate)
• 2 cepe
• 500 g ciuperci pleurotus (sau champignon)
• 1 ardei roșu sau gogoșar
• 1 morcov ras
• ulei
• sare, piper
• cimbru uscat
• 2,5 l apă fierbinte
• Liezon: 3–4 gălbenușuri, 300 g smântână (min. 20%), 4–5 căței de usturoi

Mod de preparare:
1. Toacă ceapa și caizerul și călește-le în puțin ulei.
2. Adaugă ciupercile tăiate fâșii, sare și piper, apoi ardeiul cubulețe și mai călește câteva minute.
3. Adaugă apa fierbinte și cimbrul și fierbe 20 de minute.
4. Călește separat morcovul ras în puțin ulei, adaugă-l în ciorbă și mai fierbe 5 minute (îi dă culoarea aurie).
5. Stinge focul. Pentru liezon amestecă gălbenușurile cu smântâna și usturoiul.
6. Temperează liezonul: adaugă câte un polonic de ciorbă fierbinte și amestecă, de vreo 8 ori, ca să nu se taie.
7. Toarnă liezonul în oală și amestecă bine.","imagini/ciorba-falsa-de-burta-1790519426957-17p.webp","Publicat"
"Ciorbă maramureșeană","Ingrediente:
• legume pentru supă (întregi)
• cârnați
• cartofi
• ceapă
• sare
• paprika
• 1 lingură făină
• smântână

Mod de preparare:
1. Fierbe legumele întregi, apoi scoate-le. Taie morcovul și pune-l înapoi (din restul poți face salată de boeuf).
2. Adaugă cârnații, apoi cartofii.
3. Într-o tigaie amestecă ceapa, sarea, paprika, făina și smântâna, apoi adaugă zeamă câte un polonic, amestecând continuu.
4. La final dreg ciorba cu amestecul din tigaie.
5. Rețeta e de la doamna din Breb.","","In Asteptare"
"Clătite","Ingrediente:
• 2 ouă
• 2 linguri ulei
• 2 linguri zahăr (sau zahăr vanilat)
• esență de vanilie
• un vârf de sare
• ~500 ml lapte
• făină, cât cuprinde
• puțin praf de copt

Mod de preparare:
1. Freacă ouăle cu uleiul, zahărul, vanilia și sarea.
2. Adaugă treptat laptele, făina și praful de copt, amestecând bine cu telul.
3. Lasă aluatul 10 minute la odihnit, apoi prăjește clătitele.","","In Asteptare"
"Clătite de ciocolată","Ingrediente:
• 125 g făină
• 2 ouă
• 130 ml lapte
• 120 ml apă minerală sau sifon
• praf de copt
• 2 linguri cacao
• 1 plic zahăr vanilat
• 2 linguri zahăr
• ¼ linguriță sare
• ulei pentru prăjit
• cremă de vanilie, pentru umplut

Mod de preparare:
1. Amestecă toate ingredientele până obții un aluat fin.
2. Prăjește clătitele în puțin ulei.
3. Umple-le cu cremă de vanilie.","","In Asteptare"
"Clătitele mamei","Ingrediente:
• 2–3 ouă
• 1 lingură zahăr
• un praf mic de sare
• 2 linguri ulei
• lapte și sifon în cantități egale
• făină
• puțin praf de copt
• esență de vanilie

Mod de preparare:
1. Bate ouăle cu telul până fac spumă.
2. Adaugă zahărul, sarea, uleiul, laptele și sifonul.
3. Adaugă făina în ploaie, praful de copt și vanilia.
4. Lasă aluatul cel puțin 15 minute la odihnit, apoi prăjește clătitele.","","In Asteptare"
"Coastă de porc cu cartofi la cuptor","Ingrediente:
• coastă de porc
• cartofi
• sare, piper
• bicarbonat
• boia afumată, cimbru, usturoi uscat
• ulei
• Sos: sos barbeque, 5 căței de usturoi, miere, ulei de măsline, sare, piper, boia, cimbru

Mod de preparare:
1. Fierbe cartofii tăiați în apă cu sare și bicarbonat, până sunt aproape gata.
2. Pune-i în tava unsă și condimentează-i, lăsând loc pentru coastă.
3. Pune coasta cu sare și piper în multicooker, pe suport, cu 3 căni de apă, și gătește la abur, sub presiune, 60 de minute.
4. Amestecă ingredientele pentru sos.
5. Unge coasta pe ambele părți cu sosul și pune-o în tavă lângă cartofi.
6. Coace 20 de minute la 200°C.","","In Asteptare"
"Cornulețele mamei Mădălinei","Ingrediente:
• 800 g untură (netopită)
• 20 linguri apă minerală
• 3 linguri oțet
• 1 plic drojdie
• puțină sare
• vanilie, arome
• făină, cât cuprinde
• Umplutură: gem de prune, nucă măcinată, esență de rom, puțin zahăr (dacă gemul nu e dulce)
• zahăr pudră

Mod de preparare:
1. Amestecă toate ingredientele pentru aluat, cu făină cât să iasă o cocă moale, dar care se poate întinde cu sucitorul.
2. Amestecă gemul cu nuca, esența de rom și zahărul.
3. Întinde aluatul, taie și umple cornulețele.
4. Coace la 180°C.
5. Dă-le prin zahăr pudră cât sunt calde.
6. Ies cam 110 cornulețe.","","In Asteptare"
"Cozonac Bucur","Ingrediente:
• 1 kg făină
• 0,5 l lapte
• 350 g zahăr
• 2 plicuri de drojdie Dr. Oetker
• coaja de la 1 lămâie (+ coajă de portocală, opțional)
• 200 g unt
• 100 ml ulei
• 2 plicuri zahăr vanilat
• esență de vanilie și de rom (câte un căpăcel)
• 8 gălbenușuri
• 1 linguriță rasă de sare
• Umplutură: 400 g nucă măcinată, zahăr după gust, cacao cât de colorată o vrei
• Pentru uns: ou, zahăr tos

Mod de preparare:
1. Cerne făina și amestec-o cu drojdia.
2. Încălzește laptele cu zahărul, zahărul vanilat, coaja de lămâie și esențele.
3. Topește untul cu uleiul, să fie călduț.
4. Amestecă gălbenușurile cu sarea, diluează-le cu puțin lapte călduț, apoi toarnă-le în laptele încălzit.
5. Adaugă compoziția încet în făină, câte puțin.
6. După ce s-a încorporat, adaugă untul topit călduț, câte puțin.
7. Când ai terminat untul, mai frământă aluatul cam 10 minute.
8. Acoperă-l cu un prosop și lasă-l să crească 1,5–2 ore, până își dublează volumul. Bucătăria trebuie să fie caldă, cu temperatură constantă.
9. Împarte aluatul în 2, pune umplutura, rulează și pune în tăvi. Mai lasă-l la crescut.
10. Înainte de cuptor unge-l cu ou și presară zahăr tos.
11. Coace 40–50 de minute la foc potrivit.
12. Ies 2 cozonaci.","imagini/cozonac-bucur.jpg","In Asteptare"
"Cozonac cu nucă","Ingrediente:
• Aluat: 1 kg făină, 50 g drojdie proaspătă, 250 g zahăr, 3–4 plicuri zahăr vanilat, 500 ml lapte, 100 ml ulei (sau mai mult), 5 gălbenușuri, sare, esență și coajă de lămâie
• Umplutură: 400 g nucă, 5 albușuri, 5 linguri zahăr, 3 linguri cacao, rahat / stafide (opțional), puțină Nutella
• Pentru uns: gălbenuș cu lapte, zahăr brun

Mod de preparare:
1. Cerne făina și fă o groapă la mijloc.
2. Încălzește laptele cu zahărul și zahărul vanilat, fără să fiarbă.
3. Dizolvă drojdia în puțin lapte, toarn-o în groapă, presară puțină făină și așteaptă ~10 minute să se activeze.
4. Adaugă gălbenușurile frecate cu sare și coaja de lămâie, apoi restul laptelui, și frământă.
5. Frământă 15–30 de minute adăugând ulei treptat (nu făină!).
6. Lasă la dospit la cald 1,5–2 ore.
7. Umplutura: bate albușurile spumă cu zahărul, adaugă nuca și cacao (eu am pus și Nutella).
8. Împarte aluatul în 4, întinde fiecare bucată, pune umplutura și rulează.
9. Împletește câte 2 rulouri, pune-le în tăvi cu hârtie de copt și mai lasă-le la crescut.
10. Unge cu gălbenuș și lapte și presară zahăr brun.
11. Coace ~1 oră: primele 15 minute la foc mediu-mare, apoi mai mic. Dacă se rumenesc prea tare, acoperă cu hârtie de copt după 30–40 de minute.","","In Asteptare"
"Cremă de vanilie (varianta cu 4 gălbenușuri)","Ingrediente:
• 500 ml lapte
• 4 gălbenușuri
• 4 linguri zahăr
• 3 linguri amidon (sau făină)
• ½ păstaie de vanilie sau esență
• 1 lingură unt

Mod de preparare:
1. Bate gălbenușurile cu zahărul, apoi adaugă amidonul și amestecă până nu mai ai cocoloașe.
2. Fierbe laptele cu păstaia de vanilie (esența se pune la final).
3. Toarnă laptele fierbinte treptat peste gălbenușuri, amestecând energic.
4. Pune crema înapoi pe foc mic și amestecă continuu până se îngroașă.
5. Ia de pe foc, adaugă esența (dacă folosești), lasă 2–3 minute și adaugă untul.","","In Asteptare"
"Cremă de vanilie (varianta cu 6 gălbenușuri)","Ingrediente:
• 500 ml lapte
• 6 gălbenușuri
• 150 g zahăr
• 65 g făină sau 30 g amidon
• 1 baton de vanilie
• un vârf de sare

Mod de preparare:
1. Încălzește laptele cu păstaia de vanilie despicată (miezul și păstaia).
2. Mixează gălbenușurile cu zahărul și sarea până devin spumoase, apoi adaugă făina și mixează doar câteva secunde.
3. Toarnă laptele fierbinte peste compoziție și pune totul înapoi în oală.
4. Fierbe la foc mic, amestecând continuu cu o spatulă, până se îngroașă, apoi încă ~3 minute. Nu mai mult, ca să nu se taie.","","In Asteptare"
"Cremă de vanilie cu unt (pentru eclere)","Ingrediente:
• 5 gălbenușuri
• 400 ml lapte
• 35 g amidon de porumb
• 8 linguri zahăr
• 2 plicuri zahăr vanilat (sau 1 linguriță vanilie)
• 200 g unt

Mod de preparare:
1. Într-un vas cu fund gros amestecă gălbenușurile, zahărul, amidonul și 50 ml lapte.
2. Adaugă restul laptelui și pune pe foc, amestecând continuu cu telul până se îngroașă ca o budincă.
3. Ia de pe foc, adaugă vanilia, acoperă cu folie și las-o să se răcească.
4. Mixează untul spumă, apoi adaugă budinca rece câte 2 linguri, mixând continuu.
5. Pentru eclere sau rulouri, ține crema 30–40 de minute la frigider ca să se întărească.","","In Asteptare"
"Dalgona coffee","Ingrediente:
• 2 linguri cafea solubilă
• 2 linguri zahăr
• 2 linguri apă
• lapte
• cuburi de gheață
• sos de ciocolată

Mod de preparare:
1. Freacă cafeaua, zahărul și apa până iese o cremă.
2. Unge paharul cu sos de ciocolată, pune lapte și gheață și crema deasupra.
3. Ajunge pentru cam 3 porții.","imagini/dalgona-coffee.jpg","In Asteptare"
"Eclere (coji și cremă)","Ingrediente:
• 75 ml lapte
• 75 ml apă
• 60 g unt (min. 80% grăsime)
• un vârf de sare
• 120 g făină
• 150 g ouă (3–4 ouă)
• Cremă (varianta cu ouă întregi): 3 ouă, 600 ml lapte, 1 păstaie de vanilie, 100 g zahăr, 50 g făină, un vârf de sare (eu am pus 5 ouă, 900 ml lapte, 150 g zahăr, 75 g făină)

Mod de preparare:
1. Fierbe laptele cu apa, sarea și untul.
2. Redu focul, adaugă făina dintr-odată și amestecă energic cu o lingură de lemn.
3. Usucă aluatul pe foc mic, amestecând, până se formează o peliculă albicioasă pe fundul cratiței.
4. Ia de pe foc și lasă aluatul să se răcească, apoi încorporează ouăle.
5. Încinge cuptorul la maximum (250°C), fără ventilație.
6. Pune aluatul cu punga pe o tavă cu hârtie de copt.
7. Coace 15 minute la 230°C fără ventilație, apoi 20 de minute la 170°C cu ventilație. Nu deschide ușa cuptorului!
8. Ies cam 10 eclere.
9. Cremă: fierbe laptele cu vanilia. Bate ouăle cu zahărul până se albesc, adaugă făina, apoi laptele fierbinte în fir subțire. Pune înapoi pe foc mic și amestecă continuu până se îngroașă (2–3 minute de la fierbere). Acoperă cu folie și las-o să se răcească bine.
10. Eu am frecat crema și cu unt. Dacă dublezi cojile, ajung exact pentru cantitatea de cremă.
11. Truc: după primele 15 minute am pus hârtie de copt deasupra, ca să nu se ardă.","","In Asteptare"
"Fasole bătută","Ingrediente:
• fasole (¾ din bolul galben)
• 3 cepe
• morcov
• condimente
• Prăjeală: ceapă, ulei, bulion

Mod de preparare:
1. Fierbe fasolea până se îngălbenește apa. Între timp pune la fiert altă apă.
2. Aruncă apa galbenă și pune peste fasole apa fiartă.
3. Când fasolea e aproape gata, adaugă ceapa și morcovul.
4. Când sunt fierte, condimentează și bate fasolea.
5. Prăjeala: înăbușă ceapa în ulei și puțină apă, apoi adaugă bulion și pune-o deasupra.","imagini/fasole-bătută.jpg","In Asteptare"
"Ficăței la tigaie","Ingrediente:
• ficăței de pui
• ulei
• 3 căței de usturoi
• sare

Mod de preparare:
1. Pune ficățeii în apă clocotită, spumuiește-i și scurge-i.
2. Gătește-i în tigaie cu ulei, la foc mic, 15 minute, adăugând din când în când foarte puțină apă.
3. La final adaugă usturoiul strivit și sarea și mai lasă 2 minute, agitând bine tigaia cu capac.","","In Asteptare"
"Găluște (pentru supă)","Ingrediente:
• 1 ou
• un vârf de sare
• puțin ulei
• puțină apă
• puțin praf de copt
• 70–75 g griș

Mod de preparare:
1. Amestecă oul cu sarea, uleiul, apa și praful de copt, apoi adaugă grișul treptat și lasă-l să se umfle.
2. Pune la fiert apă cu sare separat de ciorbă.
3. Modelează găluștele în mână și pune-le una câte una în apa care fierbe.
4. Fierbe 15 minute, adaugă apă rece și mai fierbe 10 minute.
5. Scoate-le cu lingura și pune-le în ciorbă la final.","","In Asteptare"
"Granola cu iaurt grecesc","Ingrediente:
• 2 albușuri
• eritritol
• 300 g ovăz
• alune
• scorțișoară
• mix de semințe
• iaurt grecesc, pentru servire

Mod de preparare:
1. Bate albușurile cu eritritolul.
2. Amestecă cu ovăzul, alunele, scorțișoara și semințele.
3. Coace la 150°C, amestecând din când în când în timpul coacerii.
4. Servește cu iaurt grecesc.","","In Asteptare"
"Guacamole cu ou poșat","Ingrediente:
• 3 avocado
• 2 roșii mici
• 1 lime
• 1 cățel de usturoi
• 1 legătură coriandru sau pătrunjel
• ½ ceapă roșie

Mod de preparare:
1. Pentru oul poșat: fă vârtej în apa cu sare și oțet și pune oul în mijlocul vârtejului.
2. Servește oul peste guacamole.","","In Asteptare"
"Hummus","Ingrediente:
• 1 conservă de năut (cu puțin lichid din ea)
• ulei de măsline
• 3 linguri tahini
• 2 căței de usturoi
• sare
• zeama de la ¼ lămâie
• boia dulce

Mod de preparare:
1. Blendează totul până devine cremos.
2. Servește cu puțin ulei de măsline și boia dulce deasupra.","imagini/hummus.jpg","In Asteptare"
"Lasagna","Ingrediente:
• 1 pachet foi de lasagna
• 1 bucată de parmezan
• Ragu: 2 kg carne vită + porc, 4 cepe, 3 morcovi, 1 kg roșii, 1 kg sos de roșii, puțin vin, 0,5 l apă, sare, piper proaspăt măcinat
• Bechamel: 1 l lapte, 100 g unt, 100 g făină, sare, piper, nucșoară

Mod de preparare:
1. Ragu: călește ceapa și morcovul în puțin ulei, apoi adaugă carnea până își schimbă culoarea. Pune sare, piper, apoi vinul și mai lasă câteva minute.
2. Adaugă roșiile curățate și tăiate cubulețe, sosul de roșii și apa și fierbe la foc mic 4 ore. Potrivește de gust.
3. A doua zi poți lua ușor grăsimea de deasupra.
4. Bechamel: topește untul, adaugă făina, amestecă câteva minute, apoi adaugă laptele rece treptat. Fierbe la foc mediu până se îngroașă și condimentează.
5. În tava dreptunghiulară: puțin bechamel, 6 foi, bechamel, ragu, parmezan, și repetă. Ultimul strat: ragu și bechamel (le poți amesteca).
6. Coace 40 de minute la 180°C.","","In Asteptare"
"Legume și feta la cuptor","Ingrediente:
• roșii
• ardei
• vânătă
• dovlecel
• brânză feta
• sare
• oregano
• ulei de măsline
• usturoi
• pâine bună, pentru înmuiat în zeamă

Mod de preparare:
1. Taie legumele și freacă-le cu sare, oregano și ulei de măsline.
2. Pune feta în mijlocul tăvii și dă totul la cuptor.
3. La final amestecă cu usturoi.
4. Servește cu pâine.","","In Asteptare"
"Lipie cu burtă de pește","Ingrediente:
• lipii
• cremă de brânză
• burtă de pește afumată
• ou fiert
• castravete

Mod de preparare:
1. Unge lipia cu cremă de brânză.
2. Pune deasupra burta de pește, oul fiert și castravetele.","","In Asteptare"
"Mămăligă","Ingrediente:
• 1 parte mălai
• 4 părți apă
• sare

Mod de preparare:
1. Amestecă mălaiul în apă cu telul, ca să nu faci cocoloașe.
2. Când începe să clocotească (atenție, stropește!), treci la lingura de lemn și amestecă continuu 10–12 minute.
3. Gustă ca să vezi dacă e gata mălaiul și pune sare dacă trebuie.
4. Stinge focul, adună mămăliga de pe pereți, acoper-o și las-o 3–4 minute.
5. Pornește iar focul 1 minut (aburul o desprinde de pe pereți).
6. Pune un platou peste oală și răstoarn-o.","","In Asteptare"
"Mâncare de cartofi","Ingrediente:
• 7–8 cartofi
• 1 ceapă
• 4 morcovi mici
• ½ ardei roșu
• 1 lingură ulei
• 2 căni de apă
• 1 lingură făină (opțional)
• 2 linguri bulion
• 3 căței de usturoi
• sare, piper
• mărar proaspăt

Mod de preparare:
1. Călește ceapa, morcovii și ardeiul în ulei 2 minute.
2. Adaugă apa și cartofii și fierbe la foc mic 30 de minute.
3. Adaugă bulionul și mai fierbe 10–15 minute.
4. Opțional: amestecă 4–5 linguri de zeamă cu făina și pune înapoi în oală, fără cocoloașe.
5. Condimentează, adaugă usturoiul și mai lasă 5 minute.
6. Oprește focul și presară mărar.","","In Asteptare"
"Mâncare de cartofi cu cabanos","Ingrediente:
• cabanos
• 3 cepe mari
• ardei roșu (destul de mult)
• 3 cartofi
• 2–3 linguri bulion
• sare, piper, zahăr, cimbru

Mod de preparare:
1. Călește cabanosul și scoate-l pe o farfurie.
2. În uleiul rămas înăbușă ceapa tăiată julienne și ardeiul fâșii.
3. Când sunt aproape gata, adaugă cartofii tăiați și sare (ca să nu se rupă).
4. După ce au fiert cartofii, adaugă bulionul și mai fierbe.
5. Condimentează cu sare, piper, zahăr și cimbru și pune cabanosul înapoi.
6. Merge cu murături sau salată de varză.","","In Asteptare"
"Mâncare de mazăre (cu pui)","Ingrediente:
• pui (prăjit în prealabil)
• 3 cepe mari
• 2 morcovi
• bulion
• mazăre
• condimente

Mod de preparare:
1. Înăbușă ceapa și morcovii în uleiul rămas de la pui, apoi adaugă bulion și dă în fiert.
2. Separat, fierbe mazărea până face spumă.
3. Amestecă puiul, mazărea și sosul și lasă pe foc până e mazărea bine fiartă.
4. Condimentează după gust.","","In Asteptare"
"Mâncare de praz cu măsline","Ingrediente:
• 1 morcov
• 3–4 fire de praz
• 2 linguri ulei
• câteva căni de apă
• o mână mică de orez
• 2–3 linguri sos de roșii
• măsline
• sare, piper
• pătrunjel proaspăt

Mod de preparare:
1. Rumenește morcovul și prazul în ulei.
2. Adaugă 2 căni de apă și fierbe acoperit 30 de minute.
3. Adaugă orezul și sosul de roșii (plus apă, dacă e nevoie) și mai fierbe 30 de minute, până e gata orezul.
4. Înainte să oprești focul, adaugă măslinele și condimentează.
5. Servește cu pătrunjel.
6. Sursa: Cosânzenele gătesc (Instagram).","","In Asteptare"
"Milkshake cu căpșuni și banane","Ingrediente:
• căpșuni
• banane
• miere
• lapte

Mod de preparare:
1. Mixează totul și servește rece.","","In Asteptare"
"Napolitană (rețeta mamei Mada)","Ingrediente:
• 7 ouă
• 1 pachet margarină
• 1½ cană zahăr
• 1 cană nuci tocate mărunt
• 1 cană făină
• 1 cană rahat tăiat
• coaja și zeama de la 1 lămâie
• foi de napolitană

Mod de preparare:
1. Bate albușurile spumă cu ¾ cană de zahăr.
2. Adaugă nucile, rahatul, apoi făina.
3. Pune compoziția în tava de plăcintă și coace blatul.
4. Cremă: pune pe foc gălbenușurile cu ¾ cană de zahăr și margarina, până se face o cremă groasă, apoi adaugă zeama și coaja de lămâie.
5. Asamblare: foaie de napolitană, cremă, blatul, cremă, foaie de napolitană.","","In Asteptare"
"Noodles cu pui și legume","Ingrediente:
• piept de pui
• sos de soia
• sare, piper
• amidon de porumb
• ceapă
• usturoi
• ardei
• morcov
• chilli
• noodles
• ulei

Mod de preparare:
1. Marinează puiul în sos de soia, sare, piper și amidon.
2. Călește puiul.
3. În aceeași tigaie, cu puțin ulei, călește ceapa julienne, usturoiul ras, ardeiul fâșii și morcovul tăiat panglici (cu curățătorul de cartofi).
4. Adaugă puțină sare, sos de soia, chilli și noodles fierți, și amestecă.","","In Asteptare"
"Panna cotta","Ingrediente:
• 600 ml smântână dulce
• 80 g zahăr
• 10 g gelatină
• esență de vanilie
• jeleu (din ce vrei)

Mod de preparare:
1. Încălzește smântâna cu zahărul și vanilia și dizolvă gelatina în ea.
2. Toarnă în forme și lasă la frigider până se întărește.
3. Servește cu jeleu.","imagini/panna-cotta.jpg","In Asteptare"
"Papanași fierți cu caise","Ingrediente:
• 12 caise mici
• 250 g brânză de vaci
• 50 g unt
• 3 linguri cu vârf de zahăr
• 50 g griș
• 1 esență de vanilie
• 1 gălbenuș
• 60 g făină
• 6 lingurițe zahăr brun
• Pesmet: 100 g pesmet, 50 g unt, 2 linguri mac, 4 linguri zahăr, ½ linguriță scorțișoară

Mod de preparare:
1. Freacă untul cu zahărul, adaugă grișul și brânza, apoi vanilia și gălbenușul, și la final făina. Pune aluatul la frigider.
2. Pune la fiert o oală mare cu apă, apoi redu focul să nu mai clocotească.
3. Prăjește pesmetul cu untul și macul 2–3 minute, apoi adaugă zahărul și scorțișoara.
4. Scoate sâmburii din caise și pune în loc câte ½ linguriță de zahăr brun.
5. Împarte aluatul în 12 bucăți, aplatizează fiecare, pune o caisă în mijloc și închide-o într-o bilă.
6. Fierbe bilele până se ridică la suprafață (~5 minute), scuturând oala din când în când.
7. Scoate-le cu o spumieră și tăvălește-le prin pesmet.
8. Ies 12 bucăți.","","In Asteptare"
"Paste „milaneze”","Ingrediente:
• paste
• 2 cepe
• 6–7 căței de usturoi
• ardei tocat
• carne de pui (sau ciuperci și bacon)
• bulion / sos de roșii
• sare, piper, oregano
• Bechamel: 50 g unt, 50 g făină, 500 ml lapte fierbinte, sare, piper, nucșoară
• cașcaval ras

Mod de preparare:
1. Călește ceapa 4–5 minute, adaugă usturoiul și mai lasă 2 minute.
2. Adaugă ardeiul (și puiul, dacă e crud) și lasă până se înmoaie.
3. Pune bulionul și sosul de roșii, sare, piper, oregano (și puiul, dacă e gătit) și fierbe.
4. Bechamel: topește untul cu făina la foc mic, adaugă laptele fierbinte și condimentează cu sare, piper și nucșoară.
5. Amestecă pastele fierte cu ambele sosuri și rade cașcaval deasupra.","","In Asteptare"
"Paste cu dovleac și bacon","Ingrediente:
• paste
• șuncă, caizer sau bacon (ce ai)
• dovleac (copt și congelat)
• cremă de brânză
• sare, piper
• usturoi uscat

Mod de preparare:
1. Fierbe pastele.
2. Rumenește șunca / caizerul / baconul, apoi scoate-le din tigaie.
3. În grăsimea rămasă pune dovleacul și lasă-l până se înmoaie.
4. Adaugă crema de brânză, sare, piper și usturoi uscat.
5. Opțional: blendează sosul ca să fie perfect cremos.
6. Amestecă pastele cu sosul și cu șunca / baconul.","","In Asteptare"
"Paste cu gorgonzola, bacon și nuci","Ingrediente:
• paste
• caizer / bacon (felii)
• 1 cutie mică de smântână pentru gătit (30%)
• gorgonzola
• nuci și migdale
• sare, piper
• parmezan
• nucșoară

Mod de preparare:
1. Rumenește caizerul în tigaie.
2. Adaugă smântâna, iar când dă în fiert pune gorgonzola și las-o să se topească.
3. Amestecă sosul cu pastele fierte.
4. Rumenește nucile și migdalele în tigaie.
5. Servește cu sare, piper, parmezan, nucșoară și nucile rumenite deasupra.","","In Asteptare"
"Paste cu sos de roșii și smântână","Ingrediente:
• 140 g paste
• 1 ceapă mică
• 2 căței de usturoi
• 1 lingură unt
• 2 linguri ulei de măsline
• 240 ml suc de roșii
• 120 ml smântână pentru gătit
• 60 g parmezan ras
• 1 linguriță oregano uscat
• ½ linguriță busuioc uscat
• fulgi de ardei iute
• sare, piper
• roșii cherry (opțional)

Mod de preparare:
1. Fierbe pastele în apă cu sare.
2. Opțional: călește rapid roșiile cherry tăiate în jumătăți.
3. Călește ceapa și usturoiul în unt și ulei, 1 minut.
4. Adaugă sucul de roșii și condimentele și fierbe la foc mic cam 10 minute, până scade.
5. Adaugă smântâna (și puțină apă de la paste dacă e prea gros).
6. Ia de pe foc, adaugă parmezanul, apoi pastele.
7. Notă: eu am blendat sosul pentru finețe (dar nu după ce pui mozzarella).","","In Asteptare"
"Paste cu ton și smântână","Ingrediente:
• paste
• 1 conservă de ton
• 2 cepe
• 5–6 căței de usturoi
• 2–3 linguri bulion
• 5 linguri smântână grasă
• sare, piper
• pătrunjel

Mod de preparare:
1. Fierbe pastele în apă cu sare.
2. Într-o tigaie înaltă, în uleiul de la ton, călește ceapa cu sare și piper până se caramelizează ușor.
3. Adaugă usturoiul, iar după 3–4 minute bulionul.
4. După 1–2 minute adaugă tonul și mai lasă 3–4 minute.
5. La foc minim, încorporează smântâna, apoi pastele (plus un polonic de apă de la paste, dacă e prea uscat).
6. Pune pătrunjel în paste și deasupra.","","In Asteptare"
"Paste cu ton, pesto și roșii uscate","Ingrediente:
• paste
• 1 conservă de ton (cu uleiul ei)
• câțiva căței de usturoi
• 1 foaie de dafin
• sos pesto
• roșii uscate
• oregano sau busuioc

Mod de preparare:
1. Fierbe pastele în apă cu sare 8–9 minute; păstrează puțină apă de la ele.
2. Încinge uleiul de la ton cu usturoiul strivit și dafinul 2–3 minute, apoi scoate-le.
3. Adaugă tonul, pesto și roșiile uscate tăiate și lasă 3–4 minute.
4. Amestecă cu pastele (pune din apa de paste dacă vrei sosul mai zemos).
5. Presară oregano sau busuioc.","","In Asteptare"
"Pateu de casă","Ingrediente:
• ficăței de pui
• 3 cepe
• 6–7 căței de usturoi
• 100 ml apă
• sare, piper, cimbru, rozmarin
• coniac (opțional)
• 150 g unt + unt topit pentru deasupra

Mod de preparare:
1. Călește ceapa cu usturoiul câteva minute.
2. Adaugă ficățeii, apa și condimentele și înăbușă 10 minute (opțional, flambează cu coniac).
3. Blendează și adaugă untul.
4. Pune pateul în borcănele și toarnă unt topit deasupra.","","In Asteptare"
"Piept de pui cu sos de muștar și smântână","Ingrediente:
• piept de pui
• 1 ceapă
• câțiva căței de usturoi
• 1 linguriță muștar
• sare, usturoi praf
• smântână

Mod de preparare:
1. Călește pieptul de pui și scoate-l.
2. În uleiul rămas călește ceapa și usturoiul tocate mărunt.
3. Adaugă muștarul și mai lasă câteva minute.
4. Pune sare, usturoi praf și carnea înapoi.
5. Oprește focul și adaugă smântâna.","","In Asteptare"
"Piept de rață cu sos de portocale și morcovi caramelizați","Ingrediente:
• piept de rață
• sare grunjoasă, piper boabe strivit, cimbru
• morcovi (bastonașe)
• 4 linguri zahăr (2 + 2)
• ⅓ pachet unt
• 2 portocale

Mod de preparare:
1. Crestează pielea pieptului și presară sare, cimbru și piper.
2. Pune-l cu pielea în jos într-o tigaie rece, apoi pornește focul și rumenește. Întoarce-l și rumenește încă 4 minute.
3. Bagă-l în cuptorul preîncălzit la 180°C, cu pielea în jos, cam 9 minute.
4. Morcovi: fierbe-i în apă cu 2 linguri de zahăr și unt până se face un sos.
5. Sos: scoate felii (file) dintr-o portocală. Rade coaja celeilalte și stoarce-o.
6. Fierbe sucul cu grăsimea strecurată de la rață, sosul de la morcovi și încă 2 linguri de zahăr până se îngroașă.
7. Oprește focul și adaugă coaja și feliile de portocală.","","In Asteptare"
"Pilaf","Ingrediente:
• 4 cepe
• 2 morcovi
• ardei
• 1 ceașcă de orez
• zeamă în care a fiert puiul

Mod de preparare:
1. Înăbușă ceapa, morcovii și ardeiul într-o tigaie.
2. Adaugă orezul și completează cu zeama de la pui până e fiert.
3. NU pune dafin!","imagini/pilaf.jpg","In Asteptare"
"Pizza din albușuri","Ingrediente:
• 5 albușuri
• 5 lingurițe amidon de porumb
• un praf de sare
• oregano
• ketchup
• ciuperci, ceapă, șuncă
• mozzarella

Mod de preparare:
1. Bate albușurile spumă cu amidonul și sarea.
2. Întinde un strat de 1–2 cm, rotund, pe hârtie de copt, și presară oregano.
3. Coace 30 de minute la 150°C.
4. Unge cu ketchup și pune ciupercile, ceapa, șunca și mozzarella.
5. Mai coace 5–7 minute la 180°C, până se rumenește mozzarella.","","In Asteptare"
"Pizzete la tigaie","Ingrediente:
• 6 ouă
• sare, piper
• tocătură: măsline, ceapă verde, cașcaval ras, salam (sau orice, și ardei murați)
• puțin lapte
• făină, cât cuprinde
• praf de copt

Mod de preparare:
1. Bate ouăle cu mixerul până își dublează volumul.
2. Adaugă sare, piper și tocătura.
3. Adaugă puțin lapte, apoi făină până se îngroașă puțin, și praful de copt.
4. Coace ca pe clătite.","","In Asteptare"
"Portokalopita","Ingrediente:
• 5 portocale (coaja rasă și sucul)
• Sirop: sucul portocalelor, 300 g zahăr, 250 ml apă, jumătate din coaja rasă
• Compoziție: 5 ouă, 200 g zahăr, restul de coajă, 200 ml ulei, 300 g iaurt grecesc, vanilie
• 400 g foi de plăcintă
• înghețată, pentru servire

Mod de preparare:
1. Sirop: fierbe sucul strecurat cu zahărul, apa și jumătate din coajă încă 5 minute după ce dă în clocot. Lasă-l să se răcească complet.
2. Bate albușurile spumă cu zahărul.
3. Freacă gălbenușurile cu restul de coajă, uleiul și iaurtul, apoi încorporează albușurile și vanilia.
4. Taie foile fâșii groase și usucă-le la cuptor la 100°C, 15 minute.
5. Amestecă foile uscate cu compoziția și pune totul într-o tavă unsă cu ulei și tapetată cu făină.
6. Coace 40 de minute la 180°C.
7. Toarnă siropul rece peste plăcinta fierbinte, imediat ce o scoți din cuptor.
8. Servește la temperatura camerei, cu înghețată (eu am pus și portocală confiată).","imagini/portokalopita-1790440869910-gv5.webp","Publicat"
"Prăjitură cu brânză de vaci (Nico / Danela)","Ingrediente:
• Blat: 4 ouă, 15 linguri zahăr, 15 linguri ulei, 15 linguri făină, 15 linguri iaurt, 1 praf de copt
• Umplutură: 700 g brânză dulce de vaci, 2 ouă, ½ pachet unt, 3 linguri zahăr, 1 lingură griș, 1 lingură făină, coaja de la 1 lămâie, vanilie, stafide, puțină sare

Mod de preparare:
1. Amestecă ingredientele pentru blat.
2. Amestecă separat ingredientele pentru umplutură.
3. În tavă pune jumătate din blat, apoi brânza, apoi cealaltă jumătate de blat.
4. Coace până trece testul cu scobitoarea.","","In Asteptare"
"Pricomigdale","Ingrediente:
• 165 g migdale măcinate (sau nucă / arahide / caju, ori combinații)
• 75 g albuș (aprox. 2 albușuri)
• 120 g zahăr pudră vanilat

Mod de preparare:
1. Amestecă nucile cu zahărul, apoi adaugă albușurile și amestecă cu o spatulă.
2. Pune biluțe cu lingurița pe o tavă cu hârtie de copt.
3. Coace la 175°C, sus-jos cu ventilație.","imagini/pricomigdale.jpg","In Asteptare"
"Pui business (v2)","Ingrediente:
• piept de pui cubulețe
• unt
• 1 ceapă
• usturoi
• smântână
• 1 linguriță muștar
• 1 lingură făină
• 1 felie de cașcaval
• condimente

Mod de preparare:
1. Condimentează puiul și rumenește-l scurt în unt, să nu se usuce.
2. Adaugă ceapa și usturoiul tocate mărunt și pune câte puțină apă până se înmoaie ceapa.
3. Amestecă smântâna cu muștarul și făina și toarnă peste pui.
4. Fierbe, amestecând din când în când să nu se prindă.
5. Condimentează, adaugă cașcavalul cubulețe și oprește focul când s-a topit.","","In Asteptare"
"Pui cu smântână","Ingrediente:
• pui (piept sau pulpă)
• 2 cepe medii sau 1 mare
• 2–3 căței de usturoi
• 2 linguri ulei
• 30 g unt
• sare, piper
• verdeață (pătrunjel, mărar)
• Sos: 350–400 g smântână grasă, 1 linguriță de făină, 100 ml lapte rece, puțină sare
• Garnitură: orez, mămăligă, paste sau cartofi

Mod de preparare:
1. Taie carnea bucăți de 3–4 cm, sare, piper și stropește-o cu ulei.
2. Prăjește-o la foc iute, fără capac, ca să se rumenească.
3. Adaugă ceapa, usturoiul și untul și călește 2–3 minute la foc mediu.
4. Stinge cu ~150 ml apă fierbinte, pune capac și gătește 10–12 minute.
5. Amestecă făina cu laptele rece, apoi cu smântâna.
6. Toarnă sosul peste pui și lasă 2–3 clocote.
7. Presară verdeață.","","In Asteptare"
"Pui Shanghai","Ingrediente:
• piept de pui
• sos de soia
• sare, piper
• făină
• ouă
• fulgi de porumb (sau pesmet)
• boia de ardei
• usturoi uscat
• ulei

Mod de preparare:
1. Taie pieptul de pui fâșii și lasă-l la marinat peste noapte cu sare, piper, sos de soia și alte condimente.
2. Condimentează făina cu sare, usturoi uscat și boia.
3. Trece fâșiile prin făină, apoi prin ou, apoi prin fulgi de porumb sau pesmet.
4. Pune-le în air fryer, stropește-le cu ulei și coace la 180°C cam 12 minute.
5. Întoarce-le la jumătatea timpului.","","In Asteptare"
"Pulpe de pui cu cartofi la cuptor","Ingrediente:
• pulpe de pui
• cartofi
• sare, cimbru, puțin piper
• ulei
• usturoi pisat

Mod de preparare:
1. Condimentează pulpele și cartofii și pune-i în tavă cu puțin ulei.
2. Coace 30 de minute la 180°C.
3. Întoarce-le, pune puțină apă și mai coace 20 de minute.
4. Încă 10 minute la 250°C, ca să se rumenească.
5. Când scoți tava, amestecă cartofii cu usturoi pisat.","","In Asteptare"
"Quesadilla cu pui","Ingrediente:
• piept de pui
• sare, piper, cimbru
• 2 cepe roșii
• 2 ardei grași + 1 ardei iute
• oregano, usturoi uscat
• ketchup
• lipii
• brânzeturi rase mixte
• pătrunjel
• ulei

Mod de preparare:
1. Mărunțește pieptul de pui și gătește-l cu sare, piper și cimbru, cu capac, în sucul propriu, apoi lasă-l să se rumenească. Scoate-l pe o farfurie.
2. Toacă ceapa și ardeii la chopper și călește-i cu sare, oregano și usturoi uscat până se înmoaie. Adaugă ketchup și mai lasă câteva minute.
3. Pe jumătate de lipie pune brânză, tocăniță, pui, pătrunjel și iar brânză.
4. Îndoaie lipia, unge-o cu ulei pe o parte și pune-o în tigaie, cu fața unsă în jos. Unge și cealaltă față și întoarce-o.","","In Asteptare"
"Salată caprese","Ingrediente:
• mozzarella
• roșii
• pesto de busuioc

Mod de preparare:
1. Feliază roșiile și mozzarella, așază-le alternativ și pune pesto deasupra.","","In Asteptare"
"Salată cu cartofi dulci (The Canteen)","Ingrediente:
• cartofi dulci
• rodie
• brânză
• ardei proaspăt
• pătrunjel (congelat)
• 2 căței de usturoi
• lămâie sau oțet
• sare, piper
• ulei de măsline

Mod de preparare:
1. Taie cartofii dulci cubulețe și fierbe-i la abur 3 minute (Tefal One Pot, Steam).
2. Toacă ardeiul cubulețe.
3. Pentru dressing: lasă usturoiul strivit câteva minute în zeamă de lămâie sau oțet, apoi amestecă cu sare, piper și ulei de măsline.
4. Amestecă totul cât cartofii sunt încă calzi, împreună cu dressingul, rodia, brânza și pătrunjelul.","","In Asteptare"
"Salată de sfeclă roșie (cu ouă)","Ingrediente:
• sfeclă roșie rasă
• ulei de măsline
• 1 cățel de usturoi strivit
• sare
• lămâie
• Ouă: unt, usturoi, boia iute

Mod de preparare:
1. Amestecă sfecla cu uleiul, usturoiul, sarea și lămâia.
2. Alături: ouă făcute în unt cu usturoi și boia iute.","","In Asteptare"
"Salată de vinete cu ardei copt și ceapă verde","Ingrediente:
• vinete coapte
• ulei
• ceapă verde
• ardei copt
• sare

Mod de preparare:
1. Toacă vinetele și freacă-le cu puțin ulei.
2. Adaugă ceapa verde și ardeiul copt tocate.
3. Pune sare după gust.","","In Asteptare"
"Salată de vinete cu smântână și ceapă verde","Ingrediente:
• vinete coapte
• ulei de floarea-soarelui
• sare, piper
• smântână
• ceapă verde

Mod de preparare:
1. Scurge vinetele și toacă-le.
2. Freacă-le cu puțin ulei, sare și piper.
3. Amestecă cu smântâna și ceapa verde tocată mărunt.","","In Asteptare"
"Shakshuka","Ingrediente:
• ulei de măsline
• curry
• boia de ardei
• 1 ceapă roșie
• 4 căței de usturoi
• 1 conservă de roșii
• roșii cherry
• sare, piper, usturoi uscat, busuioc
• ouă
• mozzarella (opțional)
• brânză fărâmițată
• pătrunjel

Mod de preparare:
1. Încinge uleiul cu curry și boia până face spumă.
2. Adaugă ceapa și usturoiul tocate mărunt.
3. Adaugă roșiile din conservă, roșiile cherry tăiate în jumătăți și puțină apă, și acoperă cu capac.
4. Când s-au înmuiat roșiile, condimentează cu sare, piper, usturoi uscat și busuioc.
5. Sparge ouăle deasupra, adaugă mozzarella și lasă acoperit până se fac ouăle.
6. La final pune brânză fărâmițată și pătrunjel.","imagini/shakshuka.jpg","In Asteptare"
"Spaghete carbonara","Ingrediente:
• ½ pachet spaghete
• 4 căței de usturoi
• caizer
• 3 gălbenușuri (sau 2 ouă + 1 gălbenuș)
• ½ cașcaval mic ras sau parmezan
• 100 ml smântână pentru gătit
• sare, piper

Mod de preparare:
1. Fierbe spaghetele întregi în apă cu sare.
2. Călește usturoiul strivit și caizerul mărunțit, apoi adaugă puțină apă de la paste.
3. Freacă gălbenușurile cu cașcavalul, smântâna, sare și piper.
4. Scurge pastele, pune-le peste caizer, adaugă amestecul, amestecă pe foc scurt și oprește focul.","imagini/spaghete-carbonara.jpg","In Asteptare"
"Spanac cremos cu ou","Ingrediente:
• 1 ceapă
• 750 g spanac frunze (Bonduelle)
• 200 g cremă de brânză
• 3 căței de usturoi
• 3 linguri ulei
• sare, piper
• 1 ou / porție

Mod de preparare:
1. Înăbușă ceapa tocată mărunt.
2. Adaugă usturoiul, iar după 30 de secunde spanacul.
3. La final adaugă crema de brânză, sare și piper.
4. Servește cu ou.","","In Asteptare"
"Supă cremă de ciuperci","Ingrediente:
• 1 caserolă mare de ciuperci albe
• 4 cepe
• o căpățână de usturoi
• 4–5 cartofi mari
• ulei
• crutoane și bacon (air fryer sau cuptor), pentru servire

Mod de preparare:
1. Călește ceapa și usturoiul mărunțite în puțin ulei până devine ceapa translucidă.
2. Adaugă ciupercile curățate și tăiate în 4, apoi, după 5 minute, cartofii cubulețe.
3. (Restul rețetei nu se vede în poză. Probabil se fierbe totul și se blendează.)
4. Servește cu crutoane și bacon.","","In Asteptare"
"Supă cremă de legume cu crutoane","Ingrediente:
• ceapă
• ardei
• morcov
• păstârnac
• cartof
• usturoi
• smântână sau iaurt
• sare, piper, oregano
• Crutoane: pâine cubulețe, unt, usturoi, oregano

Mod de preparare:
1. Fierbe legumele.
2. Blendează-le, apoi adaugă smântână sau iaurt și condimentează după gust.
3. Crutoane: încinge puțin unt cu usturoi și oregano și prăjește pâinea tăiată cubulețe.","","In Asteptare"
"Supă cremă de praz","Ingrediente:
• 3 fire de praz
• 3 cartofi
• 1 păstârnac
• ulei
• sare, piper
• 330 ml supă de pui strecurată + 330 ml apă
• 200 ml smântână lichidă pentru frișcă

Mod de preparare:
1. Toacă mărunt legumele.
2. Înăbușă păstârnacul în puțin ulei cu sare câteva minute, apoi prazul, apoi cartofii.
3. Adaugă supa și apa și fierbe 20–30 de minute.
4. Condimentează, blendează și adaugă smântâna.","","In Asteptare"
"Supă de pui cu găluște (multicooker)","Ingrediente:
• pui (spumuit în prealabil)
• 2 cepe
• ardei, țelină, păstârnac, rădăcină de pătrunjel
• sare, piper
• pătrunjel
• Găluște: 1 ou, 1 lingură ulei, 1 lingură apă, un praf de sare, un vârf de cuțit de praf de copt, griș

Mod de preparare:
1. Pune ceapa și puiul în multicooker pe Brown, 5 minute.
2. Adaugă restul legumelor și gătește 20 de minute la presiune înaltă.
3. Găluște: amestecă ingredientele cu grișul și ține compoziția 10 minute la frigider.
4. Fierbe găluștele în apă cu sare, luate cu lingura, la foc mic, cu capac, 10 minute. Adaugă un pahar de apă rece și mai fierbe 5 minute.
5. Pune găluștele în supă, cu sare, piper și pătrunjel.","","In Asteptare"
"Tiramisu (2 caserole)","Ingrediente:
• 8 ouă
• 12 linguri zahăr (6 + 6)
• 500 g mascarpone
• esență de vanilie
• un vârf de sare
• ~200 g pișcoturi
• cafea
• rom sau amaretto

Mod de preparare:
1. Freacă gălbenușurile cu 6 linguri de zahăr, apoi adaugă mascarpone și vanilia.
2. Bate albușurile cu sarea și restul de 6 linguri de zahăr.
3. Amestecă cele două creme.
4. Înmoaie pișcoturile în cafea și așază-le în straturi cu crema, în 2 caserole (un strop de rom sau amaretto pe fund).","","In Asteptare"
"Tiramisu cu frișcă și amaretto","Ingrediente:
• 2 pachete de pișcoturi
• 2 cutii de mascarpone
• 500 ml frișcă lichidă
• 4 gălbenușuri
• 3 plicuri zahăr vanilat
• 5 linguri zahăr brun
• 3 linguri lichior Amaretto
• esență de vanilie
• cafea tare
• cacao

Mod de preparare:
1. Fă o cafea tare și adaugă 2 linguri de Amaretto; las-o să se răcească.
2. Bate frișca separat.
3. Mixează gălbenușurile cu zahărul și mascarpone până obții o cremă.
4. Amestecă frișca cu crema, cu 1 lingură de Amaretto și 1 linguriță de vanilie.
5. Înmoaie pișcoturile în cafea, fă straturi cu crema și pudrează cu cacao.","","In Asteptare"
"Tocăniță nord-africană cu năut","Ingrediente:
• 2 linguri ulei
• 1 ceapă mare
• 1 morcov ras fin
• 2 căței de usturoi
• câte ½ linguriță: scorțișoară, piper negru, chimion, turmeric
• câte 1 linguriță: sare, ghimbir măcinat, coriandru boabe
• 1 conservă de năut (scursă)
• 1 conservă de roșii
• 1 conservă de lapte de cocos
• 1 conservă mică de quinoa gătită
• zeamă de lime
• pătrunjel proaspăt
• cremă de brânză cu smântână, pentru servire

Mod de preparare:
1. Călește ceapa și morcovul în ulei 5 minute.
2. Adaugă usturoiul și condimentele și gătește 1–2 minute.
3. Adaugă năutul, roșiile și laptele de cocos și fierbe la foc mic 20–30 de minute.
4. Adaugă quinoa și mai fierbe 5 minute.
5. La final pune zeamă de lime și pătrunjel și servește cu cremă de brânză cu smântână.","imagini/tocanita-nord-africana-cu-naut-1790504963790-hrj.webp","Publicat"
"Tochitură ardelenească","Ingrediente:
• carne tăiată cubulețe
• 2 cepe
• usturoi
• sare
• bulion de ardei / suc de roșii
• 2 linguri făină
• condimente
• pentru servire: mămăligă, ochiuri, brânză rasă, murături

Mod de preparare:
1. Călește ceapa și usturoiul tocate mărunt până ceapa devine translucidă.
2. Adaugă sare și bulion, lasă puțin, apoi pune carnea și las-o 5 minute.
3. Adaugă apă fiartă cât s-o acopere și fierbe până e gata carnea.
4. Amestecă făina cu apă și suc de roșii, toarnă peste carne și amestecă des să nu se prindă.
5. Adaugă usturoi pisat, condimentează și mai lasă câteva minute.
6. Servește cu mămăligă, ochiuri, brânză rasă și murături.","","In Asteptare"
"Tort trio de ciocolată","Ingrediente:
• Strat alb: 250 g ciocolată albă, 200 ml smântână pentru frișcă, 8 g gelatină, 30 g unt
• Strat 2: 250 g ciocolată cu lapte, 200 ml smântână pentru frișcă, 4 g gelatină, 30 g unt
• Strat 3: 250 g ciocolată cu lapte (sau neagră), 200 ml smântână pentru frișcă, 4 g gelatină, 30 g unt
• Decor: ciocolată cu unt

Mod de preparare:
1. Pentru fiecare strat: topește ciocolata pe baie de aburi, adaugă gelatina hidratată în apă rece, apoi untul.
2. Bate smântâna frișcă și amestec-o cu ciocolata cât e încă caldă (altfel se întărește gelatina).
3. Toarnă straturile pe rând în formă și lasă-le la rece.
4. Ca să scoți tortul ușor, ține forma 1 minut în apă fierbinte.
5. Decorează cu ciocolată topită cu unt.","","In Asteptare"
"Turtele mamei","Ingrediente:
• Maia: 1 cană de lapte călduț, 1 linguriță de zahăr, drojdie cât o nucă, 4–5 linguri de făină
• 0,5–1 kg făină
• 1 ou (la temperatura camerei)
• sare (cât prinzi cu 3 degete)
• 2 linguri ulei
• ulei pentru prăjit

Mod de preparare:
1. Fă maiaua: amestecă laptele, zahărul, drojdia și făina cu telul și las-o acoperită 20 de minute.
2. Cerne făina, adaugă maiaua, oul, sarea și uleiul și frământă.
3. Acoperă aluatul cu folie sau prosop și lasă-l să-și dubleze volumul (când apeși cu degetul, își revine).
4. Formează turte cam cât pumnul și pune-le pe un fund de lemn presărat cu făină.
5. Lasă-le la dospit încă 30 de minute.
6. Prăjește-le în ulei bine încins.","imagini/turtele-mamei-1790518706287-7oz.webp","Publicat"
"Varză la cuptor cu cârnați","Ingrediente:
• cârnați
• 3 cepe
• 4–5 linguri bulion
• 2 foi de dafin
• piper, sare
• varză
• puțin oțet
• mărar

Mod de preparare:
1. Călește cârnații câteva minute și scoate-i.
2. În uleiul rămas înăbușă ceapa, apoi adaugă bulionul, dafinul, piperul și sarea și lasă câteva clocote.
3. Între timp toacă varza și freac-o cu sare și puțin oțet.
4. Amestecă varza cu prăjeala, cârnații și puțin mărar și dă-o la cuptor.

Notă: Poți adăuga și ardei, călit împreună cu ceapa.","","In Asteptare"
"Vinete pane","Ingrediente:
• vinete
• 2 ouă
• sare
• făină
• ulei

Mod de preparare:
1. Bate ouăle cu sare și făină.
2. Taie vinetele felii subțiri, trece-le prin compoziție și prăjește-le la foc mic.","","In Asteptare"
"Waffles sărate din albușuri","Ingrediente:
• 4 albușuri
• ~3 linguri făină integrală
• 1 lingură făină albă
• puțin praf de copt
• șuncă (Pitikot, 98% carne)
• măsline
• brânză
• mărar

Mod de preparare:
1. Bate albușurile (merg cele rămase de la ciorba à la grecque).
2. Adaugă făina integrală, făina albă și praful de copt.
3. Adaugă șunca, măslinele și brânza, toate tocate mărunt, și mărarul.
4. Coace în sandwich maker, cu plăcile de waffles.","","In Asteptare"
"Eclere","Ingrediente:
Pentru coji (12 eclere):
• 150 g făină
• 125 ml lapte
• 125 ml apă
• 100 g unt
• 5 ouă medii sau 4 ouă mari (65 g bucata)
• un vârf de sare

Pentru cremă:
• 500 ml lapte
• 100 g zahăr
• 60 g făină
• 3 ouă
• 1 păstaie de vanilie
• 200 ml frișcă lichidă (opțional)

Pentru glazură:
• ciocolată topită/fineti

Mod de preparare:
1. Pune laptele, apa, untul și sarea la fiert. Când untul s-a topit și lichidul dă în clocot, adaugă toată făina deodată și amestecă energic.
2. Lucrează bine aluatul cu lingura, pe foc, până se desprinde de pe vas, ca să iasă cât mai multă umezeală din el.
3. Lasă-l să se răcească, apoi adaugă ouăle unul câte unul, amestecând bine după fiecare. În funcție de mărimea ouălor, s-ar putea să nu mai fie nevoie de ultimul. Aluatul nu trebuie să fie prea moale, altfel eclerele se lățesc în tavă în loc să crească.
4. Pune aluatul într-un poș și formează eclere lungi pe o tavă cu hârtie de copt.
5. Coace la 200°C. Nu deschide cuptorul în primele 15–20 de minute: cojile trebuie să fie bine rumenite, altfel se lasă.
6. După ce s-au rumenit, deschide ușa, micșorează focul (~170°C) și lasă-le până se usucă bine și în interior. Ajută dacă le înțepi cu un cuțit, ca să iasă aburul.
7. Pentru cremă, fierbe laptele cu păstaia de vanilie. Separat, amestecă ouăle cu zahărul și făina.
8. Toarnă laptele fierbinte treptat peste ouă, amestecând continuu, apoi pune totul înapoi pe foc și amestecă până se îngroașă. Lasă crema să se răcească.
9. Frișca (opțional) se bate și se încorporează în cremă sau se pune în ecler peste cremă.
10. Umple cojile cu cremă, glazurează-le cu ciocolată și lasă-le câteva ore la frigider.

Notă: Pentru eclere cu cafea, adaugă în cremă 2 lingurițe de cafea instant; pentru eclere cu ciocolată, 100 g ciocolată rasă. Merg și cu zmeură.
Sursa: JamilaCuisine (jamilacuisine.ro), rețetă video.","imagini/eclere-1790446585480-fb0.webp","Publicat"
"Mini pavlova cu lemon curd și sos de căpșuni","Ingrediente:
Pentru bezea (Pavlova):

200 g albușuri (aproximativ 6 albușuri de la ouă medii)

300 g zahăr fin (sau zahăr tos măcinat ușor la robot)

1 lingură extract de vanilie

2 lingurițe amidon (de porumb)

2 lingurițe oțet (de mere sau vin alb)

Pentru crema de lămâie (Lemon Curd):

3 lămâi (zeama și coaja rasă fin, preferabil netratate)

2 ouă întregi

1 gălbenuș

200 g zahăr

75-80 g unt (cu 82% grăsime), tăiat cubulețe

Un praf fin de sare

Pentru crema de mascarpone:

250 g brânză mascarpone (rece, de la frigider)

400 ml smântână lichidă pentru frișcă (min. 30% grăsime, foarte rece)

3-4 linguri zahăr pudră

Pentru siropul gros de căpșuni:

300 g căpșuni (proaspete sau congelate)

3-4 linguri de zahăr (după gust)

1 lingură zeamă de lămâie

1 linguriță de amidon dizolvat în 2 linguri de apă rece

Căpșuni proaspete tăiate jumătăți (pentru decor final)

Mod de preparare:
1. Pregătirea bezelei (Pavlova):

Preîncălzește cuptorul la 100°C (căldură sus și jos, fără ventilație).

Într-un bol perfect curat și degresat, bate albușurile cu un praf de sare până obții o spumă moale.

Adaugă zahărul treptat, lingură cu lingură, mixând continuu (7-10 minute), până când zahărul este complet topit și obții o spumă foarte tare, densă și lucioasă.

Încorporează ușor, folosind o spatulă, extractul de vanilie, oțetul și amidonul cernut.

Pe o tavă tapetată cu hârtie de copt, formează 4-6 mini-pavlove cu ajutorul unei linguri, creând o mică adâncitură în mijlocul fiecăreia (sub formă de cuib).

Coace bezelele timp de 1 oră și 15 minute. După expirarea timpului, oprește focul și lasă bezelele să se răcească complet în cuptor, cu ușa întredeschisă.

2. Prepararea cremei de lămâie (Lemon Curd):

Rade fin coaja de la lămâi și stoarce sucul, îndepărtând sâmburii.

Într-un bol termorezistent, pune ouăle întregi, gălbenușul, zahărul și un praf de sare. Omogenizează scurt cu un tel.

Toarnă sucul de lămâie, adaugă coaja rasă și cubulețele de unt.

Așază bolul deasupra unei oale cu apă care fierbe ușor (bain-marie). Amestecă constant cu telul timp de 10-15 minute, până când untul se topește și crema se îngroașă (ca o budincă fină).

Trece crema fierbinte printr-o sită deasă într-un recipient curat (pentru a elimina coaja și eventualele cocoloașe). Acoperă suprafața cremei cu folie alimentară „la contact” și las-o să se răcească complet.

3. Prepararea siropului gros de căpșuni:

Pune căpșunile tăiate bucăți, zahărul și zeama de lămâie într-o crăticioară, la foc mic.

Lasă-le să fiarbă până când fructele se înmoaie, apoi pasează-le cu un blender vertical.

Adaugă amidonul dizolvat în apă și mai fierbe sosul 1-2 minute, amestecând continuu, până capătă o consistență lucioasă și groasă. Lasă-l să se răcească.

4. Pregătirea cremei de mascarpone:

Într-un bol încăpător, pune brânza mascarpone, smântâna pentru frișcă (ambele foarte reci) și zahărul pudră.

Mixează la viteză medie timp de 1-2 minute, până obții o cremă fermă și aerată. Nu mixa în exces!

5. Asamblarea:

Chiar înainte de servire, așază fiecare mini-pavlova pe o farfurie.

Umple adâncitura cu un strat generos de Lemon Curd, adaugă crema de mascarpone deasupra, iar la final toarnă abundent siropul gros de căpșuni.

Decorează cu jumătăți de căpșuni proaspete.","imagini/mini-pavlova-cu-lemon-curd-si-sos-de-capsuni-1790505532518-l6w.webp","Publicat"
"Savarine","Ingrediente:
Pentru aluatul dospit (aprox. 8-10 bucăți):

250 g făină tip 000

3 ouă medii

100 ml lapte (călduț)

15 g drojdie proaspătă (sau 5 g drojdie uscată)

40 g unt topit (și lăsat la răcit)

1 lingură zahăr tos

Un praf generos de sare

Pentru siropul de rom:

500 ml apă

250 g zahăr

2-3 sticluțe esență de rom (sau 50 ml rom veritabil, după gust)

Pentru umplutură și decor:

500 ml smântână lichidă pentru frișcă (minim 30% grăsime, foarte rece)

2-3 linguri zahăr pudră (cu aromă de vanilie)

100 g jeleu roșu de cofetărie, gem de căpșuni sau de zmeură (pentru „căpăcele”)

Mod de preparare:
1. Pregătirea aluatului dospit:

Într-un bol mic, dizolvă drojdia în laptele călduț, împreună cu o lingură de zahăr și o lingură de făină. Lasă maiaua să crească timp de 10 minute, până face spumă deasupra.

Într-un bol încăpător (sau bolul mixerului planetar), pune făina și praful de sare. Adaugă maiaua activată și ouăle bătute ușor în prealabil.

Mixează (sau frământă) până se leagă aluatul, apoi toarnă treptat untul topit și răcit. Aluatul de savarine este unul moale, destul de lichid și lipicios, aproape ca un aluat de chec mai dens. Acoperă bolul și lasă-l la dospit într-un loc călduț, până își dublează volumul (aprox. 40-50 minute).

2. Turnarea în forme și coacerea:

Unge bine formele speciale pentru savarine (sau forme de brioșe mai largi) cu unt moale.

Împarte aluatul cu o lingură în forme, umplându-le pe jumătate (vor mai crește).

Mai lasă-le la dospit direct în forme încă 15-20 de minute.

Coace savarinele în cuptorul preîncălzit la 180°C pentru aproximativ 20-25 de minute, până devin rumene și trec testul scobitorii. După coacere, scoate-le din forme și lasă-le să se răcească complet pe un grătar.

3. Prepararea siropului:

Fierbe apa cu zahărul timp de 5-7 minute, până obții un sirop legat.

Oprește focul, lasă siropul să se răcorească bine (să fie doar ușor călduț), abia apoi adaugă esența de rom pentru ca aroma să nu se evapore.

4. Însiroparea și asamblarea:

Taie „căpăcelele” savarinelor (fără să le desprinzi de tot, doar le decupezi partea de sus lăsând un capăt atașat ca o balama).

Scufundă fiecare savarină rece în siropul de rom și las-o câteva secunde să absoarbă cât mai mult lichid, apoi așază-le pe un platou.

Bate smântâna foarte rece pentru frișcă, împreună cu zahărul pudră, până devine fermă și aerată.

Folosind un poș, umple generos fiecare savarină cu frișcă, ridicând ușor căpăcelul.

Unge deasupra fiecare „căpăcel” cu un strat generos de jeleu roșu sau gem de zmeură/căpșuni. Se păstrează la frigider până la servire!","imagini/savarine-1790517099136-v0p.webp","Publicat"
"Saramură de pește","Ingrediente:
Pentru pește:

1 crap mare (aprox. 1,5 - 2 kg) sau alt pește (somn, caras, șalău)

Sare grunjoasă (pentru frecat peștele și pentru stratul de copt, dacă se face pe tablă/sare)

2-3 linguri de ulei de floarea soarelui (dacă se frige pe grătar clasic)

sau varinata faina/ou/pesmet

Pentru saramură (zeama aromată):

4-5 roșii mari, bine coapte și zemoase

2-3 ardei kapia sau ardei grași

1-2 ardei iuți (în funcție de cât de picant dorești)

1 căpățână mare de usturoi (sau mai mult, după gust)

1 litru de apă

1 legătură generoasă de pătrunjel verde proaspăt

Opțional: câteva crenguțe de cimbru uscat, 1-2 frunze de dafin, boabe de piper

Sare (după gust)

Mod de preparare:
Pregătirea peștelui: Peștele se eviscerează, se curăță foarte bine de solzi și se spală cu apă rece. Se șterge bine cu șervete de bucătărie. Se porționează în bucăți potrivite (medalioane sau fileuri pe lung). Se sărează bine și se lasă să se odihnească 15-20 de minute.

Frigerea peștelui: Se încinge foarte bine grătarul (sau o tablă pe foc/plită pe care s-a presărat un pat gros de sare grunjoasă). Bucățile de pește se ung ușor cu ulei (doar dacă le pui direct pe grătar) și se frig pe ambele părți până prind o crustă frumoasă și sunt gătite în interior. După ce s-au fript, se scot într-o tavă sau un vas încăpător.
Sau varianta prajit.

Coacerea legumelor: Pe același grătar se pun roșiile, ardeii kapia și ardeii iuți. Se coc bine pe toate părțile, până când coaja capătă urme de arsură și se înmoaie. După coacere, legumele se curăță de pielițe (și de cotoare, în cazul ardeilor).

Prepararea zemei (saramurii): Într-o oală se pune la fiert aproximativ 1 litru de apă. Când apa dă în clocot, se adaugă sare, boabele de piper, cimbrul și dafinul.

Integrarea legumelor: Roșiile coapte se zdrobesc cu o furculiță pentru a-și lăsa tot sucul, iar ardeii copți se toacă în bucăți potrivite. Se adaugă toate în apa clocotită și se mai lasă pe foc 2-3 minute pentru ca aromele să se îmbine. Se oprește focul.

Adăugarea usturoiului și finalizarea: Usturoiul se curăță, se zdrobește fin și se adaugă în saramura fierbinte, de abia luată de pe foc (pentru a-și păstra aroma intensă). Se potrivește gustul de sare.

Asamblarea: Se toarnă zeama fierbinte, cu tot cu legume, peste bucățile de pește fript din tavă. Se presară pătrunjelul verde tocat mărunt pe deasupra.

Servirea: Se acoperă vasul cu un capac și se lasă totul la infuzat timp de 15-20 de minute. Se servește caldă, alături de o mămăliguță aburindă.","imagini/saramura-de-peste-1790517917308-g5r.webp","Publicat"
"Cremă de zahăr ars","Ingrediente:
1 litru de lapte integral (gras)

8 ouă întregi (mărime medie/mare)

200 g zahăr tos (pentru compoziția de cremă)

150 g zahăr tos (pentru caramel)

Miezul de la o păstaie de vanilie (sau 2 plicuri de zahăr vanilat / 2 lingurițe de extract de vanilie)

Un praf de sare

Mod de preparare:
Pregătirea caramelului: Într-o cratiță de aproximativ 20-22 cm diametru (sau o formă specială), pune cele 150 g de zahăr. Pune cratița la foc mic spre mediu și lasă zahărul să se topească și să se caramelizeze, obținând o culoare frumoasă de chihlimbar (ai grijă să nu îl arzi, altfel devine amar). Nu amesteca cu lingura, doar înclină ușor cratița. Când este gata, rotește cratița cu grijă pentru a tapeta fundul și o parte din pereții laterali cu caramel. Lasă cratița deoparte să se răcească complet (caramelul va deveni sticlos și va pârâi ușor).

Prepararea compoziției (cremei): Într-un bol încăpător, sparge cele 8 ouă. Adaugă praful de sare, cele 200 g de zahăr și vanilia. Bate totul ușor cu un tel, doar cât să se desfacă ouăle și să se omogenizeze amestecul. Important: Nu bate spumă! Dacă bați prea mult, crema de zahăr ars va ieși cu găurele (bule de aer) la copt.

Încorporarea laptelui: Adaugă treptat laptele rece (sau la temperatura camerei) peste amestecul de ouă, amestecând ușor cu telul.

Pregătirea pentru cuptor: Strecoară compoziția (opțional, dar recomandat pentru o textură extra-fină) direct în cratița tapetată cu caramelul care acum este răcit și întărit.

Coacerea la bain-marie: Așază cratița cu compoziția într-o tavă mai largă și mai adâncă (ex. tava de la cuptor). Pune tava în cuptorul preîncălzit la 160°C. După ce ai pus-o pe grătarul cuptorului, toarnă apă fierbinte în tava mare, astfel încât să ajungă până la jumătatea înălțimii compoziției din cratiță. Eu mai pun cuburi de gheata ca sa nu se faca omleta. Coace timp de 70-80 de minute, până când crema prinde o crustă aurie la suprafață și, dacă o miști ușor, se clatină doar în centru ca o gelatină.

Răcirea și servirea: Scoate cu grijă cratița din baia de apă și las-o să se răcească complet la temperatura camerei. Apoi, pune-o la frigider pentru cel puțin 4-6 ore (cel mai bine peste noapte). Înainte de servire, trece cu grijă lama unui cuțit subțire pe marginea formei. Pune un platou mai adânc deasupra (pentru a reține sosul abundent de caramel) și, cu o mișcare fermă, răstoarnă crema.","imagini/crema-de-zahar-ars-1790519901021-skd.webp","Publicat"
